maintenance_order_id,spare_part_id,quantity,material_cost
MO-00001,SP-006,3,525
MO-00002,SP-008,3,285
MO-00003,SP-002,1,210
MO-00003,SP-015,3,3750
MO-00004,SP-011,3,420
MO-00005,SP-012,3,570
MO-00006,SP-003,2,130
MO-00006,SP-007,3,480
MO-00008,SP-015,1,1250
MO-00008,SP-013,1,55
MO-00009,SP-004,3,135
MO-00009,SP-001,3,255
MO-00010,SP-001,1,85
MO-00010,SP-011,1,140
MO-00011,SP-009,3,54
MO-00011,SP-007,1,160
MO-00013,SP-008,1,95
MO-00014,SP-008,2,190
MO-00014,SP-013,3,165
MO-00016,SP-005,3,360
MO-00017,SP-009,2,36
MO-00017,SP-008,1,95
MO-00017,SP-002,1,210
MO-00018,SP-004,3,135
MO-00019,SP-012,2,380
MO-00019,SP-006,3,525
MO-00021,SP-015,3,3750
MO-00022,SP-003,3,195
MO-00022,SP-005,3,360
MO-00023,SP-013,1,55
MO-00023,SP-004,1,45
MO-00023,SP-007,2,320
MO-00024,SP-011,3,420
MO-00024,SP-007,2,320
MO-00024,SP-004,3,135
MO-00025,SP-007,3,480
MO-00026,SP-006,1,175
MO-00027,SP-004,2,90
MO-00029,SP-015,1,1250
MO-00029,SP-011,3,420
MO-00029,SP-008,3,285
MO-00030,SP-007,1,160
MO-00030,SP-006,1,175
MO-00030,SP-004,1,45
MO-00031,SP-005,1,120
MO-00031,SP-004,1,45
MO-00033,SP-015,2,2500
MO-00034,SP-003,3,195
MO-00034,SP-010,3,96
MO-00035,SP-006,2,350
MO-00035,SP-009,3,54
MO-00038,SP-010,2,64
MO-00038,SP-014,2,260
MO-00039,SP-001,1,85
MO-00043,SP-008,1,95
MO-00043,SP-012,3,570
MO-00044,SP-011,2,280
MO-00044,SP-006,3,525
MO-00045,SP-007,1,160
MO-00045,SP-002,2,420
MO-00045,SP-013,2,110
MO-00046,SP-009,3,54
MO-00046,SP-005,2,240
MO-00048,SP-009,1,18
MO-00048,SP-005,3,360
MO-00049,SP-008,3,285
MO-00049,SP-011,3,420
MO-00049,SP-003,1,65
MO-00050,SP-012,3,570
MO-00050,SP-014,1,130
MO-00050,SP-013,1,55
MO-00051,SP-011,2,280
MO-00052,SP-004,3,135
MO-00052,SP-007,3,480
MO-00053,SP-006,2,350
MO-00054,SP-007,3,480
MO-00055,SP-009,1,18
MO-00055,SP-012,2,380
MO-00056,SP-006,3,525
MO-00056,SP-015,3,3750
MO-00056,SP-013,3,165
MO-00057,SP-001,2,170
MO-00057,SP-002,3,630
MO-00058,SP-005,1,120
MO-00058,SP-010,2,64
MO-00058,SP-007,1,160
MO-00059,SP-015,2,2500
MO-00059,SP-013,1,55
MO-00059,SP-014,2,260
MO-00063,SP-006,3,525
MO-00063,SP-004,1,45
MO-00064,SP-008,3,285
MO-00066,SP-007,2,320
MO-00066,SP-006,2,350
MO-00066,SP-008,2,190
MO-00067,SP-002,1,210
MO-00067,SP-011,2,280
MO-00070,SP-014,3,390
MO-00070,SP-009,2,36
MO-00072,SP-004,3,135
MO-00072,SP-009,3,54
MO-00072,SP-002,2,420
MO-00074,SP-004,3,135
MO-00074,SP-006,1,175
MO-00074,SP-008,3,285
MO-00075,SP-002,1,210
MO-00076,SP-014,1,130
MO-00077,SP-007,1,160
MO-00077,SP-008,1,95
MO-00077,SP-002,2,420
MO-00079,SP-010,2,64
MO-00079,SP-014,2,260
MO-00079,SP-012,2,380
MO-00080,SP-004,3,135
MO-00080,SP-009,3,54
MO-00080,SP-010,1,32
MO-00081,SP-008,1,95
MO-00081,SP-013,1,55
MO-00083,SP-014,2,260
MO-00083,SP-008,3,285
MO-00085,SP-015,2,2500
MO-00089,SP-008,1,95
MO-00091,SP-005,2,240
MO-00091,SP-002,3,630
MO-00093,SP-015,3,3750
MO-00093,SP-007,3,480
MO-00094,SP-014,1,130
MO-00094,SP-013,2,110
MO-00095,SP-004,2,90
MO-00096,SP-012,3,570
MO-00097,SP-013,1,55
MO-00099,SP-014,1,130
MO-00099,SP-010,3,96
MO-00101,SP-015,2,2500
MO-00103,SP-007,1,160
MO-00104,SP-014,1,130
MO-00104,SP-001,2,170
MO-00105,SP-005,1,120
MO-00105,SP-014,2,260
MO-00108,SP-014,3,390
MO-00108,SP-003,2,130
MO-00112,SP-011,2,280
MO-00112,SP-003,2,130
MO-00114,SP-008,3,285
MO-00116,SP-001,2,170
MO-00117,SP-015,3,3750
MO-00117,SP-005,3,360
MO-00117,SP-001,1,85
MO-00118,SP-002,3,630
MO-00119,SP-013,3,165
MO-00119,SP-014,3,390
MO-00119,SP-004,1,45
MO-00120,SP-006,1,175
MO-00120,SP-002,2,420
MO-00121,SP-006,3,525
MO-00121,SP-011,2,280
MO-00122,SP-005,3,360
MO-00123,SP-012,1,190
MO-00123,SP-008,1,95
MO-00125,SP-013,2,110
MO-00126,SP-013,3,165
MO-00127,SP-002,2,420
MO-00127,SP-006,3,525
MO-00129,SP-005,2,240
MO-00129,SP-006,3,525
MO-00130,SP-014,2,260
MO-00131,SP-009,1,18
MO-00132,SP-011,1,140
MO-00132,SP-001,3,255
MO-00133,SP-001,1,85
MO-00135,SP-007,2,320
MO-00135,SP-005,3,360
MO-00136,SP-005,2,240
MO-00136,SP-002,3,630
MO-00137,SP-005,3,360
MO-00137,SP-001,1,85
MO-00138,SP-012,3,570
MO-00142,SP-015,2,2500
MO-00142,SP-013,1,55
MO-00144,SP-011,3,420
MO-00145,SP-012,3,570
MO-00146,SP-012,3,570
MO-00146,SP-006,2,350
MO-00148,SP-010,3,96
MO-00148,SP-008,3,285
MO-00149,SP-004,1,45
MO-00149,SP-002,3,630
MO-00149,SP-015,2,2500
MO-00150,SP-012,2,380
MO-00150,SP-004,2,90
MO-00151,SP-013,1,55
MO-00155,SP-015,3,3750
MO-00155,SP-013,3,165
MO-00155,SP-008,2,190
MO-00156,SP-005,1,120
MO-00158,SP-005,3,360
MO-00158,SP-013,3,165
MO-00158,SP-008,2,190
MO-00159,SP-002,3,630
MO-00160,SP-008,2,190
MO-00161,SP-006,3,525
MO-00161,SP-004,1,45
MO-00162,SP-004,2,90
MO-00163,SP-008,3,285
MO-00164,SP-009,2,36
MO-00166,SP-002,1,210
MO-00166,SP-012,1,190
MO-00166,SP-009,2,36
MO-00167,SP-008,1,95
MO-00169,SP-010,1,32
MO-00170,SP-007,1,160
MO-00171,SP-010,1,32
MO-00171,SP-006,3,525
MO-00172,SP-011,2,280
MO-00172,SP-005,2,240
MO-00173,SP-004,2,90
MO-00173,SP-001,3,255
MO-00174,SP-004,1,45
MO-00174,SP-005,2,240
MO-00175,SP-007,3,480
MO-00176,SP-007,1,160
MO-00176,SP-002,3,630
MO-00177,SP-008,1,95
MO-00177,SP-009,3,54
MO-00178,SP-005,3,360
MO-00179,SP-001,1,85
MO-00181,SP-003,1,65
MO-00181,SP-001,2,170
MO-00183,SP-012,3,570
MO-00183,SP-007,2,320
MO-00184,SP-005,3,360
MO-00185,SP-004,3,135
MO-00186,SP-014,3,390
MO-00186,SP-010,1,32
MO-00186,SP-007,2,320
MO-00187,SP-011,3,420
MO-00187,SP-008,2,190
MO-00187,SP-002,2,420
MO-00188,SP-012,3,570
MO-00190,SP-001,2,170
MO-00191,SP-010,1,32
MO-00191,SP-011,2,280
MO-00192,SP-013,2,110
MO-00193,SP-001,2,170
MO-00193,SP-012,1,190
MO-00194,SP-003,3,195
MO-00194,SP-011,2,280
MO-00195,SP-011,1,140
MO-00195,SP-003,1,65
MO-00196,SP-012,3,570
MO-00196,SP-010,2,64
MO-00196,SP-011,1,140
MO-00197,SP-009,3,54
MO-00199,SP-013,2,110
MO-00201,SP-008,3,285
MO-00201,SP-011,1,140
MO-00202,SP-007,2,320
MO-00205,SP-002,3,630
MO-00206,SP-006,1,175
MO-00206,SP-012,1,190
MO-00207,SP-009,2,36
MO-00209,SP-010,1,32
MO-00209,SP-009,2,36
MO-00210,SP-002,2,420
MO-00210,SP-015,2,2500
MO-00212,SP-008,3,285
MO-00213,SP-001,2,170
MO-00215,SP-012,2,380
MO-00215,SP-002,2,420
MO-00217,SP-010,2,64
MO-00218,SP-007,2,320
MO-00218,SP-015,3,3750
MO-00219,SP-010,3,96
MO-00220,SP-012,2,380
MO-00221,SP-010,2,64
MO-00221,SP-006,1,175
MO-00221,SP-013,2,110
MO-00222,SP-013,2,110
MO-00222,SP-012,2,380
MO-00226,SP-015,2,2500
MO-00227,SP-008,2,190
MO-00228,SP-004,2,90
MO-00232,SP-001,1,85
MO-00233,SP-008,3,285
MO-00233,SP-011,2,280
MO-00233,SP-014,3,390
MO-00234,SP-002,3,630
MO-00234,SP-012,1,190
MO-00235,SP-001,1,85
MO-00235,SP-008,3,285
MO-00237,SP-015,2,2500
MO-00238,SP-008,3,285
MO-00239,SP-001,1,85
MO-00241,SP-002,1,210
MO-00244,SP-005,1,120
MO-00244,SP-015,1,1250
MO-00245,SP-013,3,165
MO-00245,SP-008,2,190
MO-00247,SP-013,3,165
MO-00250,SP-015,1,1250
MO-00250,SP-002,3,630
MO-00250,SP-010,1,32
MO-00254,SP-002,3,630
MO-00254,SP-014,1,130
MO-00254,SP-006,3,525
MO-00257,SP-015,3,3750
MO-00258,SP-002,3,630
MO-00258,SP-003,2,130
MO-00259,SP-003,1,65
MO-00260,SP-009,2,36
MO-00261,SP-005,1,120
MO-00261,SP-013,2,110
MO-00262,SP-002,3,630
MO-00263,SP-015,1,1250
MO-00265,SP-010,3,96
MO-00265,SP-013,3,165
MO-00265,SP-011,1,140
MO-00266,SP-013,2,110
MO-00266,SP-005,3,360
MO-00268,SP-003,3,195
MO-00269,SP-006,3,525
MO-00270,SP-013,1,55
MO-00271,SP-011,2,280
MO-00271,SP-013,2,110
MO-00271,SP-010,3,96
MO-00272,SP-014,2,260
MO-00272,SP-001,1,85
MO-00273,SP-013,2,110
MO-00275,SP-006,3,525
MO-00275,SP-009,2,36
MO-00276,SP-004,3,135
MO-00276,SP-001,1,85
MO-00277,SP-008,1,95
MO-00277,SP-003,3,195
MO-00278,SP-009,2,36
MO-00278,SP-011,2,280
MO-00279,SP-011,1,140
MO-00279,SP-005,2,240
MO-00279,SP-007,1,160
MO-00280,SP-005,3,360
MO-00280,SP-003,3,195
MO-00280,SP-013,3,165
MO-00281,SP-014,1,130
MO-00281,SP-011,1,140
MO-00281,SP-009,3,54
MO-00282,SP-012,2,380
MO-00282,SP-002,3,630
MO-00282,SP-006,3,525
MO-00284,SP-005,1,120
MO-00285,SP-007,3,480
MO-00286,SP-001,2,170
MO-00288,SP-006,3,525
MO-00288,SP-015,3,3750
MO-00291,SP-004,1,45
MO-00291,SP-001,1,85
MO-00291,SP-005,2,240
MO-00292,SP-009,1,18
MO-00293,SP-015,3,3750
MO-00294,SP-013,1,55
MO-00294,SP-012,3,570
MO-00294,SP-004,1,45
MO-00295,SP-009,2,36
MO-00295,SP-014,1,130
MO-00296,SP-001,3,255
MO-00297,SP-007,3,480
MO-00297,SP-012,1,190
MO-00298,SP-010,3,96
MO-00300,SP-007,2,320
MO-00300,SP-015,3,3750
MO-00300,SP-014,2,260
MO-00301,SP-009,1,18
MO-00302,SP-010,3,96
MO-00302,SP-005,2,240
MO-00302,SP-002,3,630
MO-00303,SP-003,1,65
MO-00303,SP-013,2,110
MO-00303,SP-002,1,210
MO-00304,SP-004,1,45
MO-00304,SP-009,2,36
MO-00305,SP-009,1,18
MO-00308,SP-011,1,140
MO-00308,SP-006,2,350
MO-00309,SP-007,1,160
MO-00309,SP-002,3,630
MO-00309,SP-012,1,190
MO-00310,SP-002,3,630
MO-00312,SP-009,1,18
MO-00313,SP-008,1,95
MO-00314,SP-006,3,525
MO-00315,SP-015,2,2500
MO-00316,SP-010,2,64
MO-00317,SP-012,3,570
MO-00318,SP-001,1,85
MO-00319,SP-002,1,210
MO-00319,SP-014,2,260
MO-00321,SP-006,1,175
MO-00321,SP-004,1,45
MO-00321,SP-003,3,195
MO-00322,SP-007,1,160
MO-00324,SP-008,2,190
MO-00324,SP-001,3,255
MO-00324,SP-004,2,90
MO-00326,SP-002,2,420
MO-00326,SP-014,3,390
MO-00327,SP-013,1,55
MO-00328,SP-015,3,3750
MO-00328,SP-002,1,210
MO-00329,SP-014,1,130
MO-00329,SP-005,1,120
MO-00329,SP-003,2,130
MO-00330,SP-002,2,420
MO-00330,SP-014,2,260
MO-00331,SP-014,2,260
MO-00331,SP-008,1,95
MO-00333,SP-014,1,130
MO-00334,SP-013,1,55
MO-00334,SP-003,2,130
MO-00335,SP-006,1,175
MO-00335,SP-001,1,85
MO-00336,SP-007,2,320
MO-00336,SP-003,3,195
MO-00339,SP-009,3,54
MO-00339,SP-013,2,110
MO-00344,SP-010,1,32
MO-00344,SP-005,1,120
MO-00345,SP-010,1,32
MO-00345,SP-012,3,570
MO-00347,SP-010,3,96
MO-00347,SP-014,1,130
MO-00348,SP-005,1,120
MO-00350,SP-011,1,140
MO-00350,SP-001,2,170
MO-00350,SP-015,3,3750
MO-00352,SP-008,1,95
MO-00352,SP-012,3,570
MO-00354,SP-004,3,135
MO-00354,SP-014,3,390
MO-00355,SP-004,3,135
MO-00356,SP-006,1,175
MO-00358,SP-009,2,36
MO-00358,SP-001,1,85
MO-00359,SP-009,2,36
MO-00359,SP-005,3,360
MO-00361,SP-008,3,285
MO-00362,SP-002,1,210
MO-00363,SP-010,3,96
MO-00364,SP-012,1,190
MO-00365,SP-001,2,170
MO-00365,SP-009,3,54
MO-00365,SP-011,1,140
MO-00366,SP-007,1,160
MO-00366,SP-010,2,64
MO-00366,SP-011,1,140
MO-00367,SP-014,2,260
MO-00368,SP-011,1,140
MO-00368,SP-002,2,420
MO-00371,SP-015,1,1250
MO-00374,SP-015,3,3750
MO-00374,SP-006,2,350
MO-00376,SP-002,1,210
MO-00376,SP-005,3,360
MO-00377,SP-010,2,64
MO-00377,SP-012,1,190
MO-00378,SP-013,3,165
MO-00378,SP-005,1,120
MO-00379,SP-014,1,130
MO-00379,SP-012,1,190
MO-00379,SP-008,2,190
MO-00380,SP-009,3,54
MO-00382,SP-004,2,90
MO-00384,SP-012,3,570
MO-00384,SP-014,3,390
MO-00385,SP-009,1,18
MO-00385,SP-004,2,90
MO-00385,SP-005,1,120
MO-00386,SP-006,3,525
MO-00387,SP-003,1,65
MO-00389,SP-011,3,420
MO-00390,SP-001,1,85
MO-00391,SP-013,2,110
MO-00392,SP-006,1,175
MO-00393,SP-007,2,320
MO-00393,SP-006,2,350
MO-00398,SP-015,2,2500
MO-00400,SP-003,2,130
MO-00400,SP-014,3,390
MO-00400,SP-009,1,18
MO-00401,SP-002,2,420
MO-00401,SP-006,1,175
MO-00401,SP-003,1,65
MO-00402,SP-015,2,2500
MO-00404,SP-009,2,36
MO-00404,SP-003,3,195
MO-00405,SP-012,2,380
MO-00407,SP-009,3,54
MO-00408,SP-005,3,360
MO-00410,SP-012,2,380
MO-00410,SP-004,1,45
MO-00411,SP-005,2,240
MO-00411,SP-013,3,165
MO-00412,SP-014,3,390
MO-00412,SP-015,1,1250
MO-00412,SP-001,2,170
MO-00413,SP-004,2,90
MO-00415,SP-006,1,175
MO-00416,SP-002,3,630
MO-00417,SP-012,2,380
MO-00420,SP-011,3,420
MO-00421,SP-004,3,135
MO-00421,SP-012,3,570
MO-00421,SP-009,2,36
MO-00422,SP-008,3,285
MO-00422,SP-011,3,420
MO-00424,SP-015,2,2500
MO-00430,SP-007,1,160
MO-00430,SP-009,3,54
MO-00430,SP-010,1,32
MO-00433,SP-008,1,95
MO-00434,SP-009,1,18
MO-00434,SP-008,2,190
MO-00436,SP-014,2,260
MO-00437,SP-002,1,210
MO-00438,SP-009,1,18
MO-00439,SP-008,1,95
MO-00441,SP-006,2,350
MO-00443,SP-007,1,160
MO-00443,SP-002,1,210
MO-00444,SP-014,1,130
MO-00444,SP-011,3,420
MO-00445,SP-008,3,285
MO-00446,SP-009,1,18
MO-00446,SP-003,2,130
MO-00447,SP-003,1,65
MO-00447,SP-011,2,280
MO-00447,SP-014,1,130
MO-00449,SP-013,3,165
MO-00449,SP-014,2,260
MO-00451,SP-010,3,96
MO-00452,SP-008,1,95
MO-00452,SP-010,3,96
MO-00454,SP-006,1,175
MO-00454,SP-007,2,320
MO-00455,SP-009,2,36
MO-00456,SP-008,2,190
MO-00457,SP-005,3,360
MO-00458,SP-008,3,285
MO-00458,SP-012,2,380
MO-00459,SP-014,2,260
MO-00459,SP-005,1,120
MO-00460,SP-012,3,570
MO-00460,SP-006,2,350
MO-00461,SP-004,2,90
MO-00461,SP-013,2,110
MO-00463,SP-006,1,175
MO-00463,SP-003,2,130
MO-00464,SP-003,3,195
MO-00465,SP-013,1,55
MO-00466,SP-008,3,285
MO-00467,SP-012,2,380
MO-00467,SP-001,1,85
MO-00468,SP-004,2,90
MO-00468,SP-013,3,165
MO-00469,SP-003,1,65
MO-00469,SP-007,3,480
MO-00469,SP-009,2,36
MO-00470,SP-007,1,160
MO-00470,SP-014,1,130
MO-00472,SP-010,1,32
MO-00473,SP-006,2,350
MO-00473,SP-002,3,630
MO-00474,SP-013,3,165
MO-00476,SP-013,3,165
MO-00477,SP-001,3,255
MO-00478,SP-001,3,255
MO-00480,SP-006,2,350
MO-00480,SP-004,1,45
MO-00480,SP-010,3,96
MO-00482,SP-007,1,160
MO-00482,SP-006,2,350
MO-00483,SP-005,2,240
MO-00484,SP-013,3,165
MO-00485,SP-005,1,120
MO-00487,SP-007,2,320
MO-00487,SP-013,1,55
MO-00491,SP-006,2,350
MO-00492,SP-011,3,420
MO-00492,SP-001,2,170
MO-00493,SP-006,2,350
MO-00494,SP-015,3,3750
MO-00494,SP-007,1,160
MO-00495,SP-012,2,380
MO-00496,SP-010,3,96
MO-00496,SP-006,1,175
MO-00497,SP-006,3,525
MO-00500,SP-007,2,320
MO-00500,SP-005,2,240
MO-00502,SP-014,1,130
MO-00502,SP-013,1,55
MO-00503,SP-002,1,210
MO-00505,SP-006,2,350
MO-00506,SP-015,2,2500
MO-00507,SP-006,1,175
MO-00507,SP-004,2,90
MO-00508,SP-009,2,36
MO-00509,SP-001,2,170
MO-00510,SP-007,1,160
MO-00510,SP-001,1,85
MO-00511,SP-014,3,390
MO-00511,SP-008,2,190
MO-00511,SP-012,1,190
MO-00512,SP-006,2,350
MO-00512,SP-004,1,45
MO-00512,SP-007,2,320
MO-00515,SP-006,2,350
MO-00516,SP-011,2,280
MO-00517,SP-001,1,85
MO-00517,SP-002,2,420
MO-00518,SP-013,3,165
MO-00518,SP-008,2,190
MO-00518,SP-001,1,85
MO-00519,SP-014,1,130
MO-00519,SP-001,2,170
MO-00519,SP-008,1,95
MO-00522,SP-009,2,36
MO-00524,SP-003,1,65
MO-00525,SP-015,3,3750
MO-00526,SP-008,3,285
MO-00527,SP-003,2,130
MO-00527,SP-013,3,165
MO-00528,SP-009,3,54
MO-00528,SP-014,3,390
MO-00530,SP-006,1,175
MO-00530,SP-014,3,390
MO-00532,SP-011,3,420
MO-00532,SP-015,1,1250
MO-00534,SP-002,1,210
MO-00534,SP-008,1,95
MO-00534,SP-013,2,110
MO-00535,SP-001,3,255
MO-00537,SP-001,1,85
MO-00537,SP-012,1,190
MO-00537,SP-003,2,130
MO-00538,SP-008,3,285
MO-00538,SP-009,2,36
MO-00538,SP-002,2,420
MO-00539,SP-011,3,420
MO-00540,SP-013,1,55
MO-00543,SP-015,3,3750
MO-00543,SP-005,1,120
MO-00544,SP-013,2,110
MO-00544,SP-005,3,360
MO-00545,SP-013,3,165
MO-00545,SP-009,1,18
MO-00545,SP-010,2,64
MO-00546,SP-011,3,420
MO-00547,SP-002,2,420
MO-00550,SP-010,3,96
MO-00550,SP-009,2,36
MO-00550,SP-001,1,85
MO-00551,SP-009,3,54
MO-00552,SP-002,3,630
MO-00552,SP-012,1,190
MO-00553,SP-009,1,18
MO-00554,SP-003,2,130
MO-00555,SP-011,3,420
MO-00555,SP-014,3,390
MO-00556,SP-015,1,1250
MO-00556,SP-005,3,360
MO-00559,SP-015,2,2500
MO-00562,SP-012,2,380
MO-00562,SP-006,2,350
MO-00562,SP-001,2,170
MO-00565,SP-015,3,3750
MO-00567,SP-013,3,165
MO-00568,SP-009,2,36
MO-00569,SP-012,1,190
MO-00572,SP-001,2,170
MO-00573,SP-006,1,175
MO-00573,SP-002,1,210
MO-00573,SP-013,1,55
MO-00575,SP-012,3,570
MO-00575,SP-009,2,36
MO-00577,SP-010,3,96
MO-00578,SP-005,2,240
MO-00578,SP-012,2,380
MO-00579,SP-007,2,320
MO-00579,SP-009,3,54
MO-00579,SP-011,1,140
MO-00583,SP-009,2,36
MO-00584,SP-012,2,380
MO-00584,SP-013,1,55
MO-00584,SP-006,3,525
MO-00585,SP-001,2,170
MO-00585,SP-014,2,260
MO-00586,SP-005,3,360
MO-00587,SP-001,1,85
MO-00587,SP-015,1,1250
MO-00589,SP-009,3,54
MO-00592,SP-004,3,135
MO-00593,SP-003,1,65
MO-00593,SP-002,1,210
MO-00594,SP-011,1,140
MO-00594,SP-010,2,64
MO-00595,SP-002,1,210
MO-00595,SP-001,1,85
MO-00595,SP-012,1,190
MO-00597,SP-004,2,90
MO-00597,SP-003,2,130
MO-00600,SP-006,1,175
MO-00600,SP-011,1,140
MO-00602,SP-004,1,45
MO-00603,SP-014,1,130
MO-00603,SP-003,1,65
MO-00604,SP-003,2,130
MO-00605,SP-012,1,190
MO-00605,SP-007,2,320
MO-00606,SP-005,1,120
MO-00610,SP-005,1,120
MO-00610,SP-007,2,320
MO-00610,SP-001,2,170
MO-00611,SP-004,1,45
MO-00614,SP-004,3,135
MO-00615,SP-015,2,2500
MO-00615,SP-004,2,90
MO-00616,SP-003,1,65
MO-00619,SP-002,3,630
MO-00619,SP-006,2,350
MO-00620,SP-014,1,130
MO-00620,SP-012,3,570
MO-00620,SP-005,1,120
MO-00624,SP-002,3,630
MO-00624,SP-013,2,110
MO-00624,SP-015,2,2500
MO-00625,SP-013,1,55
MO-00625,SP-005,3,360
MO-00626,SP-010,2,64
MO-00627,SP-006,2,350
MO-00627,SP-007,2,320
MO-00628,SP-008,1,95
MO-00628,SP-010,2,64
MO-00628,SP-007,3,480
MO-00630,SP-004,2,90
MO-00631,SP-006,1,175
MO-00631,SP-009,1,18
MO-00632,SP-015,2,2500
MO-00632,SP-002,1,210
MO-00633,SP-015,3,3750
MO-00633,SP-008,2,190
MO-00634,SP-013,1,55
MO-00634,SP-007,2,320
MO-00634,SP-004,1,45
MO-00639,SP-015,2,2500
MO-00640,SP-001,3,255
MO-00640,SP-011,3,420
MO-00643,SP-006,3,525
MO-00645,SP-010,2,64
MO-00645,SP-001,2,170
MO-00646,SP-006,2,350
MO-00646,SP-009,1,18
MO-00646,SP-015,3,3750
MO-00647,SP-010,3,96
MO-00648,SP-001,3,255
MO-00648,SP-004,2,90
MO-00648,SP-012,3,570
MO-00651,SP-006,2,350
MO-00652,SP-011,3,420
MO-00652,SP-003,1,65
MO-00655,SP-008,1,95
MO-00656,SP-004,2,90
MO-00657,SP-012,3,570
MO-00657,SP-001,2,170
MO-00658,SP-001,2,170
MO-00658,SP-011,3,420
MO-00658,SP-015,2,2500
MO-00659,SP-010,2,64
MO-00660,SP-005,2,240
MO-00661,SP-012,1,190
MO-00662,SP-009,1,18
MO-00662,SP-005,1,120
MO-00663,SP-002,2,420
MO-00664,SP-002,1,210
MO-00664,SP-011,1,140
MO-00664,SP-008,3,285
MO-00665,SP-008,1,95
MO-00668,SP-014,2,260
MO-00668,SP-009,3,54
MO-00669,SP-011,1,140
MO-00669,SP-001,2,170
MO-00670,SP-005,3,360
MO-00671,SP-002,1,210
MO-00671,SP-010,2,64
MO-00671,SP-003,2,130
MO-00672,SP-015,2,2500
MO-00672,SP-014,1,130
MO-00675,SP-011,3,420
MO-00676,SP-003,2,130
MO-00676,SP-004,1,45
MO-00676,SP-001,2,170
MO-00677,SP-014,1,130
MO-00677,SP-013,2,110
MO-00678,SP-005,2,240
MO-00678,SP-003,1,65
MO-00679,SP-010,3,96
MO-00680,SP-001,1,85
MO-00680,SP-008,1,95
MO-00681,SP-007,3,480
MO-00681,SP-011,1,140
MO-00682,SP-006,1,175
MO-00682,SP-001,3,255
MO-00682,SP-012,1,190
MO-00683,SP-012,2,380
MO-00684,SP-011,3,420
MO-00684,SP-009,2,36
MO-00684,SP-013,3,165
MO-00685,SP-007,2,320
MO-00685,SP-013,3,165
MO-00686,SP-008,2,190
MO-00687,SP-004,2,90
MO-00688,SP-012,3,570
MO-00688,SP-014,1,130
MO-00688,SP-007,2,320
MO-00689,SP-005,2,240
MO-00690,SP-009,1,18
MO-00690,SP-004,2,90
MO-00691,SP-012,1,190
MO-00692,SP-006,2,350
MO-00693,SP-012,1,190
MO-00693,SP-008,1,95
MO-00694,SP-002,2,420
MO-00697,SP-006,2,350
MO-00697,SP-015,3,3750
MO-00697,SP-002,1,210
MO-00699,SP-013,3,165
MO-00700,SP-001,2,170
MO-00701,SP-012,1,190
MO-00705,SP-007,1,160
MO-00706,SP-001,1,85
MO-00707,SP-015,3,3750
MO-00708,SP-013,2,110
MO-00708,SP-008,2,190
MO-00710,SP-007,1,160
MO-00710,SP-008,1,95
MO-00713,SP-015,3,3750
MO-00713,SP-008,3,285
MO-00715,SP-013,1,55
MO-00717,SP-006,2,350
MO-00719,SP-007,1,160
MO-00719,SP-009,3,54
MO-00720,SP-004,3,135
MO-00720,SP-015,3,3750
MO-00720,SP-014,1,130
MO-00723,SP-010,3,96
MO-00723,SP-005,2,240
MO-00724,SP-010,1,32
MO-00724,SP-006,3,525
MO-00730,SP-010,2,64
MO-00731,SP-012,1,190
MO-00731,SP-010,2,64
MO-00732,SP-008,1,95
MO-00732,SP-012,1,190
MO-00733,SP-015,3,3750
MO-00735,SP-002,3,630
MO-00736,SP-007,1,160
MO-00736,SP-014,3,390
MO-00737,SP-004,2,90
MO-00738,SP-009,3,54
MO-00738,SP-015,3,3750
MO-00740,SP-010,3,96
MO-00741,SP-014,3,390
MO-00741,SP-008,3,285
MO-00743,SP-002,1,210
MO-00743,SP-008,1,95
MO-00743,SP-005,3,360
MO-00744,SP-008,1,95
MO-00746,SP-015,2,2500
MO-00746,SP-014,3,390
MO-00746,SP-001,2,170
MO-00747,SP-010,1,32
MO-00749,SP-010,3,96
MO-00750,SP-013,3,165
MO-00752,SP-010,3,96
MO-00752,SP-003,1,65
MO-00752,SP-008,3,285
MO-00753,SP-012,1,190
MO-00754,SP-004,3,135
MO-00754,SP-005,2,240
MO-00754,SP-015,1,1250
MO-00755,SP-012,2,380
MO-00755,SP-011,2,280
MO-00755,SP-003,1,65
MO-00756,SP-007,3,480
MO-00756,SP-005,2,240
MO-00758,SP-007,1,160
MO-00759,SP-002,3,630
MO-00759,SP-008,2,190
MO-00759,SP-005,1,120
MO-00760,SP-001,1,85
MO-00761,SP-006,3,525
MO-00761,SP-014,3,390
MO-00761,SP-012,1,190
MO-00764,SP-001,2,170
MO-00766,SP-009,2,36
MO-00766,SP-011,2,280
MO-00766,SP-012,1,190
MO-00767,SP-015,2,2500
MO-00767,SP-007,2,320
MO-00767,SP-001,3,255
MO-00770,SP-013,3,165
MO-00772,SP-003,3,195
MO-00772,SP-011,2,280
MO-00773,SP-014,2,260
MO-00773,SP-005,3,360
MO-00774,SP-015,3,3750
MO-00774,SP-006,3,525
MO-00777,SP-014,3,390
MO-00777,SP-003,2,130
MO-00778,SP-004,2,90
MO-00778,SP-011,3,420
MO-00779,SP-015,2,2500
MO-00779,SP-007,1,160
MO-00782,SP-005,1,120
MO-00782,SP-007,2,320
MO-00783,SP-015,2,2500
MO-00785,SP-004,2,90
MO-00786,SP-004,3,135
MO-00786,SP-009,1,18
MO-00786,SP-007,3,480
MO-00788,SP-006,3,525
MO-00788,SP-013,3,165
MO-00789,SP-010,1,32
MO-00789,SP-004,3,135
MO-00790,SP-003,1,65
MO-00790,SP-014,2,260
MO-00791,SP-013,3,165
MO-00792,SP-015,3,3750
MO-00793,SP-001,2,170
MO-00794,SP-013,1,55
MO-00794,SP-014,3,390
MO-00796,SP-015,3,3750
MO-00797,SP-012,2,380
MO-00799,SP-004,3,135
MO-00799,SP-015,1,1250
MO-00799,SP-012,1,190
MO-00800,SP-004,1,45
MO-00800,SP-010,1,32
MO-00801,SP-003,3,195
MO-00801,SP-010,3,96
MO-00802,SP-015,2,2500
MO-00806,SP-008,2,190
MO-00809,SP-012,2,380
MO-00809,SP-009,3,54
MO-00809,SP-007,2,320
MO-00810,SP-015,1,1250
MO-00811,SP-008,1,95
MO-00811,SP-001,2,170
MO-00812,SP-009,1,18
MO-00812,SP-006,2,350
MO-00813,SP-012,2,380
MO-00813,SP-011,1,140
MO-00813,SP-003,1,65
MO-00814,SP-004,1,45
MO-00817,SP-011,2,280
MO-00817,SP-006,1,175
MO-00818,SP-011,3,420
MO-00818,SP-010,1,32
MO-00818,SP-005,3,360
MO-00819,SP-001,3,255
MO-00819,SP-015,3,3750
MO-00819,SP-004,3,135
MO-00821,SP-010,1,32
MO-00821,SP-008,1,95
MO-00821,SP-004,2,90
MO-00823,SP-013,1,55
MO-00823,SP-010,3,96
MO-00824,SP-004,2,90
MO-00824,SP-005,3,360
MO-00825,SP-013,1,55
MO-00825,SP-015,2,2500
MO-00826,SP-014,3,390
MO-00827,SP-001,1,85
MO-00827,SP-006,1,175
MO-00827,SP-015,2,2500
MO-00828,SP-002,1,210
MO-00828,SP-009,3,54
MO-00828,SP-011,1,140
MO-00830,SP-010,1,32
MO-00830,SP-004,3,135
MO-00832,SP-005,3,360
MO-00833,SP-008,1,95
MO-00833,SP-004,3,135
MO-00836,SP-008,3,285
MO-00837,SP-014,2,260
MO-00837,SP-003,2,130
MO-00838,SP-012,2,380
MO-00839,SP-008,1,95
MO-00840,SP-002,1,210
MO-00841,SP-008,2,190
MO-00843,SP-002,3,630
MO-00843,SP-012,1,190
MO-00844,SP-012,1,190
MO-00845,SP-010,2,64
MO-00847,SP-007,3,480
MO-00847,SP-003,3,195
MO-00849,SP-009,2,36
MO-00849,SP-013,3,165
MO-00849,SP-011,1,140
MO-00850,SP-001,2,170
MO-00851,SP-015,2,2500
MO-00852,SP-009,3,54
MO-00855,SP-008,2,190
MO-00855,SP-015,2,2500
MO-00860,SP-012,2,380
MO-00862,SP-006,3,525
MO-00862,SP-015,1,1250
MO-00862,SP-014,1,130
MO-00863,SP-013,1,55
MO-00864,SP-003,1,65
MO-00864,SP-002,3,630
MO-00865,SP-014,1,130
MO-00865,SP-008,1,95
MO-00865,SP-002,3,630
MO-00866,SP-005,2,240
MO-00867,SP-006,1,175
MO-00868,SP-013,3,165
MO-00868,SP-008,3,285
MO-00873,SP-014,2,260
MO-00873,SP-006,2,350
MO-00874,SP-010,1,32
MO-00876,SP-004,1,45
MO-00876,SP-012,2,380
MO-00877,SP-004,3,135
MO-00877,SP-011,1,140
MO-00878,SP-002,2,420
MO-00878,SP-008,2,190
MO-00879,SP-012,1,190
MO-00881,SP-005,3,360
MO-00883,SP-007,1,160
MO-00884,SP-013,2,110
MO-00885,SP-001,3,255
MO-00885,SP-009,1,18
MO-00886,SP-010,1,32
MO-00889,SP-011,1,140
MO-00890,SP-013,3,165
MO-00891,SP-009,2,36
MO-00891,SP-012,2,380
MO-00893,SP-002,3,630
MO-00893,SP-001,1,85
MO-00895,SP-012,1,190
MO-00896,SP-003,3,195
MO-00897,SP-010,2,64
MO-00897,SP-006,3,525
MO-00898,SP-008,3,285
MO-00898,SP-014,3,390
MO-00899,SP-002,1,210
MO-00900,SP-014,1,130
MO-00900,SP-006,2,350
MO-00901,SP-014,2,260
MO-00902,SP-004,1,45
MO-00904,SP-015,3,3750
MO-00904,SP-011,1,140
MO-00905,SP-013,2,110
MO-00905,SP-004,1,45
MO-00905,SP-006,1,175
MO-00906,SP-006,3,525
MO-00907,SP-004,3,135
MO-00909,SP-002,1,210
MO-00909,SP-001,1,85
MO-00910,SP-009,3,54
MO-00912,SP-010,3,96
MO-00913,SP-015,1,1250
MO-00913,SP-014,3,390
MO-00914,SP-015,1,1250
MO-00915,SP-007,1,160
MO-00917,SP-010,3,96
MO-00917,SP-006,2,350
MO-00918,SP-002,1,210
MO-00920,SP-003,2,130
MO-00922,SP-010,2,64
MO-00924,SP-001,2,170
MO-00926,SP-004,1,45
MO-00926,SP-005,1,120
MO-00928,SP-005,1,120
MO-00928,SP-009,3,54
MO-00928,SP-001,3,255
MO-00929,SP-002,2,420
MO-00930,SP-011,2,280
MO-00930,SP-004,1,45
MO-00931,SP-006,3,525
MO-00933,SP-004,1,45
MO-00933,SP-007,3,480
MO-00934,SP-011,1,140
MO-00934,SP-005,3,360
MO-00934,SP-006,2,350
MO-00936,SP-013,3,165
MO-00936,SP-014,2,260
MO-00937,SP-009,2,36
MO-00937,SP-013,2,110
MO-00937,SP-005,3,360
MO-00938,SP-005,1,120
MO-00938,SP-002,1,210
MO-00939,SP-001,1,85
MO-00940,SP-011,3,420
MO-00940,SP-015,2,2500
MO-00941,SP-012,2,380
MO-00941,SP-001,2,170
MO-00942,SP-005,3,360
MO-00942,SP-004,3,135
MO-00942,SP-001,2,170
MO-00943,SP-012,2,380
MO-00945,SP-005,1,120
MO-00948,SP-005,2,240
MO-00949,SP-010,2,64
MO-00949,SP-001,2,170
MO-00950,SP-012,3,570
MO-00952,SP-005,2,240
MO-00952,SP-003,1,65
MO-00954,SP-008,3,285
MO-00955,SP-012,3,570
MO-00955,SP-001,1,85
MO-00955,SP-010,2,64
MO-00956,SP-005,3,360
MO-00956,SP-010,2,64
MO-00956,SP-004,1,45
MO-00957,SP-010,1,32
MO-00957,SP-004,3,135
MO-00958,SP-011,2,280
MO-00958,SP-013,1,55
MO-00959,SP-007,2,320
MO-00960,SP-012,1,190
MO-00961,SP-006,3,525
MO-00961,SP-012,2,380
MO-00961,SP-015,1,1250
MO-00962,SP-014,1,130
MO-00962,SP-005,2,240
MO-00964,SP-013,2,110
MO-00964,SP-014,3,390
MO-00964,SP-010,2,64
MO-00965,SP-010,3,96
MO-00966,SP-004,1,45
MO-00966,SP-002,3,630
MO-00967,SP-002,3,630
MO-00967,SP-015,3,3750
MO-00968,SP-005,1,120
MO-00968,SP-015,3,3750
MO-00968,SP-011,2,280
MO-00969,SP-010,3,96
MO-00969,SP-004,3,135
MO-00970,SP-001,3,255
MO-00971,SP-001,3,255
MO-00971,SP-010,3,96
MO-00971,SP-008,1,95
MO-00972,SP-004,1,45
MO-00972,SP-007,3,480
MO-00973,SP-015,1,1250
MO-00974,SP-013,1,55
MO-00976,SP-008,3,285
MO-00976,SP-010,3,96
MO-00977,SP-009,1,18
MO-00977,SP-014,1,130
MO-00977,SP-002,1,210
MO-00979,SP-014,2,260
MO-00979,SP-013,1,55
MO-00980,SP-001,1,85
MO-00982,SP-003,3,195
MO-00982,SP-004,1,45
MO-00985,SP-006,2,350
MO-00986,SP-013,3,165
MO-00987,SP-003,1,65
MO-00987,SP-014,3,390
MO-00989,SP-012,2,380
MO-00989,SP-008,2,190
MO-00991,SP-003,3,195
MO-00991,SP-014,1,130
MO-00992,SP-008,3,285
MO-00992,SP-012,3,570
MO-00992,SP-010,2,64
MO-00993,SP-015,1,1250
MO-00993,SP-007,3,480
MO-00994,SP-009,1,18
MO-00994,SP-013,1,55
MO-00995,SP-015,2,2500
MO-00995,SP-002,1,210
MO-00996,SP-007,3,480
MO-00997,SP-010,1,32
MO-00997,SP-011,3,420
MO-00998,SP-015,2,2500
MO-00998,SP-006,1,175
MO-00998,SP-013,3,165
MO-00999,SP-007,2,320
MO-00999,SP-013,3,165
MO-01000,SP-014,2,260
MO-01001,SP-004,3,135
MO-01001,SP-003,2,130
MO-01003,SP-007,2,320
MO-01003,SP-004,2,90
MO-01003,SP-002,3,630
MO-01005,SP-006,3,525
MO-01005,SP-002,2,420
MO-01005,SP-012,1,190
MO-01007,SP-005,2,240
MO-01007,SP-013,2,110
MO-01007,SP-003,1,65
MO-01008,SP-010,3,96
MO-01008,SP-004,2,90
MO-01008,SP-014,1,130
MO-01009,SP-014,3,390
MO-01010,SP-014,2,260
MO-01010,SP-008,1,95
MO-01011,SP-012,2,380
MO-01011,SP-013,1,55
MO-01012,SP-012,2,380
MO-01012,SP-005,3,360
MO-01012,SP-006,3,525
MO-01014,SP-007,3,480
MO-01014,SP-001,2,170
MO-01014,SP-015,1,1250
MO-01015,SP-001,3,255
MO-01015,SP-008,2,190
MO-01018,SP-007,1,160
MO-01019,SP-005,3,360
MO-01019,SP-008,3,285
MO-01020,SP-011,1,140
MO-01020,SP-006,1,175
MO-01021,SP-007,2,320
MO-01022,SP-011,1,140
MO-01023,SP-003,3,195
MO-01023,SP-014,1,130
MO-01024,SP-002,3,630
MO-01026,SP-001,3,255
MO-01027,SP-012,1,190
MO-01028,SP-013,1,55
MO-01028,SP-004,2,90
MO-01030,SP-012,1,190
MO-01030,SP-003,3,195
MO-01031,SP-008,1,95
MO-01034,SP-005,1,120
MO-01037,SP-007,2,320
MO-01037,SP-006,1,175
MO-01040,SP-011,1,140
MO-01040,SP-002,2,420
MO-01043,SP-015,2,2500
MO-01043,SP-012,2,380
MO-01045,SP-004,2,90
MO-01045,SP-012,1,190
MO-01045,SP-010,2,64
MO-01046,SP-003,3,195
MO-01047,SP-014,2,260
MO-01047,SP-001,3,255
MO-01048,SP-015,3,3750
MO-01048,SP-003,1,65
MO-01049,SP-013,1,55
MO-01049,SP-004,1,45
MO-01052,SP-001,3,255
MO-01052,SP-007,3,480
MO-01053,SP-001,3,255
MO-01055,SP-001,3,255
MO-01055,SP-008,1,95
MO-01056,SP-012,3,570
MO-01056,SP-014,2,260
MO-01057,SP-001,1,85
MO-01058,SP-008,2,190
MO-01059,SP-002,1,210
MO-01059,SP-003,1,65
MO-01059,SP-009,2,36
MO-01060,SP-012,1,190
MO-01060,SP-002,2,420
MO-01060,SP-009,1,18
MO-01062,SP-001,1,85
MO-01064,SP-002,2,420
MO-01064,SP-006,1,175
MO-01064,SP-014,1,130
MO-01065,SP-004,3,135
MO-01065,SP-011,1,140
MO-01065,SP-001,2,170
MO-01066,SP-011,2,280
MO-01066,SP-001,1,85
MO-01066,SP-015,3,3750
MO-01067,SP-005,1,120
MO-01067,SP-001,1,85
MO-01067,SP-007,2,320
MO-01071,SP-002,2,420
MO-01071,SP-011,2,280
MO-01076,SP-010,3,96
MO-01077,SP-003,1,65
MO-01080,SP-006,1,175
MO-01081,SP-014,3,390
MO-01081,SP-012,2,380
MO-01083,SP-010,2,64
MO-01084,SP-011,3,420
MO-01084,SP-012,1,190
MO-01084,SP-002,1,210
MO-01087,SP-012,2,380
MO-01087,SP-010,3,96
MO-01088,SP-014,3,390
MO-01090,SP-002,2,420
MO-01091,SP-005,1,120
MO-01091,SP-003,1,65
MO-01093,SP-007,2,320
MO-01093,SP-013,2,110
MO-01094,SP-010,1,32
MO-01095,SP-005,1,120
MO-01095,SP-002,2,420
MO-01096,SP-005,2,240
MO-01097,SP-012,1,190
MO-01097,SP-010,3,96
MO-01097,SP-014,2,260
MO-01098,SP-015,3,3750
MO-01099,SP-009,2,36
MO-01099,SP-002,1,210
MO-01100,SP-011,1,140
MO-01101,SP-014,1,130
MO-01101,SP-010,1,32
MO-01103,SP-008,3,285
MO-01104,SP-006,1,175
MO-01104,SP-011,3,420
MO-01104,SP-013,2,110
MO-01105,SP-012,3,570
MO-01105,SP-007,2,320
MO-01106,SP-012,3,570
MO-01107,SP-015,1,1250
MO-01108,SP-008,2,190
MO-01108,SP-013,3,165
MO-01108,SP-015,2,2500
MO-01111,SP-005,3,360
MO-01112,SP-004,3,135
MO-01112,SP-005,2,240
MO-01112,SP-008,2,190
MO-01113,SP-001,2,170
MO-01114,SP-013,2,110
MO-01115,SP-004,1,45
MO-01115,SP-011,3,420
MO-01115,SP-012,3,570
MO-01116,SP-008,1,95
MO-01116,SP-004,3,135
MO-01119,SP-009,2,36
MO-01120,SP-003,3,195
MO-01120,SP-014,1,130
MO-01120,SP-007,2,320
MO-01121,SP-010,3,96
MO-01122,SP-014,3,390
MO-01124,SP-013,2,110
MO-01124,SP-009,1,18
MO-01126,SP-014,2,260
MO-01126,SP-015,3,3750
MO-01127,SP-015,2,2500
MO-01132,SP-008,1,95
MO-01132,SP-013,1,55
MO-01133,SP-009,1,18
MO-01133,SP-002,1,210
MO-01134,SP-002,2,420
MO-01134,SP-009,2,36
MO-01134,SP-007,1,160
MO-01135,SP-013,1,55
MO-01138,SP-001,1,85
MO-01138,SP-010,1,32
MO-01138,SP-007,1,160
MO-01141,SP-001,3,255
MO-01141,SP-015,1,1250
MO-01142,SP-005,2,240
MO-01144,SP-015,3,3750
MO-01144,SP-014,1,130
MO-01144,SP-002,1,210
MO-01145,SP-009,3,54
MO-01146,SP-004,1,45
MO-01146,SP-005,3,360
MO-01146,SP-003,3,195
MO-01147,SP-002,2,420
MO-01147,SP-013,1,55
MO-01148,SP-011,2,280
MO-01148,SP-003,3,195
MO-01148,SP-002,2,420
MO-01149,SP-003,1,65
MO-01149,SP-009,3,54
MO-01150,SP-004,1,45
MO-01150,SP-015,1,1250
MO-01150,SP-001,1,85
MO-01152,SP-003,2,130
MO-01154,SP-008,1,95
MO-01155,SP-001,2,170
MO-01155,SP-003,2,130
MO-01157,SP-004,1,45
MO-01158,SP-003,1,65
MO-01158,SP-014,2,260
MO-01159,SP-014,1,130
MO-01159,SP-008,1,95
MO-01163,SP-014,3,390
MO-01163,SP-005,1,120
MO-01165,SP-014,3,390
MO-01165,SP-011,1,140
MO-01166,SP-002,1,210
MO-01166,SP-001,2,170
MO-01166,SP-014,2,260
MO-01167,SP-009,3,54
MO-01167,SP-014,3,390
MO-01168,SP-009,2,36
MO-01168,SP-014,1,130
MO-01168,SP-002,3,630
MO-01169,SP-007,3,480
MO-01169,SP-011,3,420
MO-01170,SP-011,3,420
MO-01171,SP-001,2,170
MO-01171,SP-002,2,420
MO-01172,SP-009,2,36
MO-01182,SP-001,3,255
MO-01182,SP-015,2,2500
MO-01185,SP-012,3,570
MO-01185,SP-015,1,1250
MO-01185,SP-008,2,190
MO-01186,SP-011,3,420
MO-01186,SP-007,3,480
MO-01187,SP-005,1,120
MO-01188,SP-007,2,320
MO-01188,SP-014,1,130
MO-01189,SP-008,2,190
MO-01190,SP-004,3,135
MO-01190,SP-010,2,64
MO-01190,SP-009,2,36
MO-01191,SP-011,2,280
MO-01191,SP-007,2,320
MO-01193,SP-008,2,190
MO-01193,SP-014,2,260
MO-01194,SP-014,1,130
MO-01195,SP-008,2,190
MO-01197,SP-014,1,130
MO-01197,SP-009,1,18
MO-01198,SP-008,2,190
MO-01199,SP-002,3,630
MO-01199,SP-014,1,130
MO-01200,SP-012,2,380
MO-01201,SP-006,3,525
MO-01203,SP-006,1,175
MO-01203,SP-014,2,260
MO-01203,SP-012,1,190
MO-01204,SP-009,3,54
MO-01205,SP-004,1,45
MO-01205,SP-002,2,420
MO-01206,SP-001,2,170
MO-01206,SP-014,3,390
MO-01207,SP-002,2,420
MO-01208,SP-009,1,18
MO-01208,SP-010,2,64
MO-01209,SP-009,3,54
MO-01210,SP-015,2,2500
MO-01210,SP-010,1,32
MO-01212,SP-014,2,260
MO-01214,SP-015,1,1250
MO-01214,SP-002,1,210
MO-01214,SP-008,1,95
MO-01215,SP-005,3,360
MO-01215,SP-004,3,135
MO-01216,SP-007,3,480
MO-01217,SP-014,3,390
MO-01218,SP-002,2,420
MO-01220,SP-004,1,45
MO-01220,SP-007,3,480
MO-01222,SP-013,2,110
MO-01224,SP-006,1,175
MO-01225,SP-015,2,2500
MO-01226,SP-009,2,36
MO-01228,SP-009,2,36
MO-01229,SP-013,2,110
MO-01229,SP-014,1,130
MO-01230,SP-014,1,130
MO-01231,SP-001,2,170
MO-01232,SP-002,2,420
MO-01233,SP-014,2,260
MO-01234,SP-015,3,3750
MO-01234,SP-004,2,90
MO-01235,SP-009,2,36
MO-01235,SP-001,2,170
MO-01236,SP-015,2,2500
MO-01236,SP-001,3,255
MO-01237,SP-009,2,36
MO-01238,SP-004,3,135
MO-01239,SP-001,3,255
MO-01239,SP-008,1,95
MO-01240,SP-009,1,18
MO-01240,SP-001,1,85
MO-01240,SP-010,3,96
MO-01241,SP-011,1,140
MO-01241,SP-006,3,525
MO-01243,SP-005,1,120
MO-01243,SP-004,3,135
MO-01246,SP-002,1,210
MO-01250,SP-003,2,130
MO-01250,SP-004,3,135
MO-01250,SP-014,3,390
MO-01251,SP-003,3,195
MO-01251,SP-010,2,64
MO-01251,SP-013,2,110
MO-01252,SP-002,3,630
MO-01252,SP-015,2,2500
MO-01253,SP-005,3,360
MO-01253,SP-013,2,110
MO-01253,SP-007,1,160
MO-01256,SP-007,1,160
MO-01256,SP-015,2,2500
MO-01259,SP-011,2,280
MO-01260,SP-001,2,170
MO-01260,SP-006,1,175
MO-01261,SP-013,1,55
MO-01261,SP-014,1,130
MO-01262,SP-013,3,165
MO-01263,SP-002,1,210
MO-01267,SP-006,3,525
MO-01269,SP-012,2,380
MO-01269,SP-004,1,45
MO-01271,SP-003,3,195
MO-01271,SP-006,2,350
MO-01271,SP-001,2,170
MO-01274,SP-007,2,320
MO-01275,SP-009,2,36
MO-01275,SP-007,2,320
MO-01276,SP-013,1,55
MO-01276,SP-002,1,210
MO-01277,SP-004,1,45
MO-01280,SP-005,1,120
MO-01282,SP-009,2,36
MO-01283,SP-004,3,135
MO-01283,SP-015,2,2500
MO-01283,SP-009,2,36
MO-01285,SP-013,2,110
MO-01285,SP-012,3,570
MO-01286,SP-005,3,360
MO-01287,SP-014,1,130
MO-01288,SP-009,3,54
MO-01288,SP-003,2,130
MO-01290,SP-005,1,120
MO-01291,SP-006,2,350
MO-01291,SP-011,3,420
MO-01291,SP-010,1,32
MO-01292,SP-004,3,135
MO-01293,SP-007,3,480
MO-01293,SP-005,1,120
MO-01295,SP-012,1,190
MO-01295,SP-004,2,90
MO-01296,SP-014,3,390
MO-01296,SP-002,1,210
MO-01298,SP-011,1,140
MO-01298,SP-006,2,350
MO-01300,SP-014,3,390
MO-01301,SP-001,3,255
MO-01304,SP-005,3,360
MO-01305,SP-009,1,18
MO-01305,SP-008,3,285
MO-01306,SP-002,1,210
MO-01306,SP-004,3,135
MO-01308,SP-001,1,85
MO-01309,SP-005,3,360
MO-01311,SP-003,3,195
MO-01312,SP-008,3,285
MO-01312,SP-003,3,195
MO-01312,SP-002,3,630
MO-01316,SP-006,1,175
MO-01317,SP-001,2,170
MO-01317,SP-009,3,54
MO-01317,SP-010,2,64
MO-01318,SP-013,1,55
MO-01318,SP-010,2,64
MO-01319,SP-011,1,140
MO-01320,SP-015,3,3750
MO-01320,SP-001,1,85
MO-01321,SP-008,1,95
MO-01322,SP-007,2,320
MO-01323,SP-011,2,280
MO-01323,SP-002,3,630
MO-01323,SP-013,2,110
MO-01324,SP-008,3,285
MO-01325,SP-006,2,350
MO-01326,SP-009,3,54
MO-01326,SP-012,2,380
MO-01328,SP-014,3,390
MO-01328,SP-011,1,140
MO-01328,SP-006,1,175
MO-01329,SP-002,3,630
MO-01329,SP-004,2,90
MO-01329,SP-006,3,525
MO-01330,SP-010,2,64
MO-01330,SP-006,3,525
MO-01331,SP-009,1,18
MO-01331,SP-003,2,130
MO-01332,SP-010,3,96
MO-01332,SP-011,3,420
MO-01334,SP-011,3,420
MO-01335,SP-007,2,320
MO-01337,SP-006,3,525
MO-01337,SP-014,2,260
MO-01342,SP-003,3,195
MO-01343,SP-009,2,36
MO-01344,SP-008,1,95
MO-01344,SP-007,2,320
MO-01344,SP-014,1,130
MO-01346,SP-014,1,130
MO-01346,SP-003,3,195
MO-01346,SP-005,2,240
MO-01347,SP-005,3,360
MO-01347,SP-001,1,85
MO-01347,SP-010,3,96
MO-01349,SP-004,3,135
MO-01351,SP-006,2,350
MO-01351,SP-001,2,170
MO-01352,SP-001,1,85
MO-01352,SP-011,1,140
MO-01355,SP-008,3,285
MO-01355,SP-013,3,165
MO-01359,SP-015,2,2500
MO-01359,SP-010,1,32
MO-01360,SP-013,2,110
MO-01360,SP-001,3,255
MO-01361,SP-012,1,190
MO-01361,SP-010,2,64
MO-01361,SP-003,3,195
MO-01364,SP-004,2,90
MO-01364,SP-001,2,170
MO-01364,SP-011,2,280
MO-01366,SP-012,2,380
MO-01366,SP-009,2,36
MO-01367,SP-014,1,130
MO-01369,SP-009,1,18
MO-01369,SP-011,2,280
MO-01370,SP-002,1,210
MO-01372,SP-004,3,135
MO-01373,SP-013,1,55
MO-01373,SP-002,2,420
MO-01374,SP-010,1,32
MO-01374,SP-008,3,285
MO-01375,SP-010,1,32
MO-01375,SP-009,1,18
MO-01376,SP-012,3,570
MO-01376,SP-005,2,240
MO-01377,SP-012,3,570
MO-01377,SP-014,3,390
MO-01382,SP-002,1,210
MO-01382,SP-015,2,2500
MO-01383,SP-007,1,160
MO-01384,SP-006,2,350
MO-01384,SP-009,2,36
MO-01384,SP-011,2,280
MO-01385,SP-009,1,18
MO-01385,SP-007,1,160
MO-01386,SP-001,1,85
MO-01386,SP-014,3,390
MO-01386,SP-015,2,2500
MO-01387,SP-008,1,95
MO-01387,SP-007,3,480
MO-01387,SP-011,1,140
MO-01388,SP-015,1,1250
MO-01389,SP-006,2,350
MO-01389,SP-014,2,260
MO-01390,SP-015,1,1250
MO-01390,SP-014,1,130
MO-01391,SP-003,3,195
MO-01393,SP-012,2,380
MO-01393,SP-015,1,1250
MO-01393,SP-011,3,420
MO-01394,SP-014,2,260
MO-01394,SP-012,2,380
MO-01395,SP-015,1,1250
MO-01395,SP-013,3,165
MO-01396,SP-011,1,140
MO-01396,SP-003,2,130
MO-01397,SP-006,3,525
MO-01398,SP-010,2,64
MO-01398,SP-002,3,630
MO-01400,SP-007,3,480
MO-01400,SP-005,3,360
MO-01402,SP-013,3,165
MO-01402,SP-005,1,120
MO-01403,SP-008,2,190
MO-01403,SP-003,2,130
MO-01403,SP-012,3,570
